Cod,Anio,Semestre_Anio,Asignatura,Hclas,Hlab,Cred,Requisito_1,Requisito_2;;;;;;;;
8353,1,1,Tecnología de Información y Comunicación,3,2,4,32,0;;;;;;;;
741,1,1,Desarrollo Lógico y Algoritmos (de Software),3,2,4,32,0;;;;;;;;
7987,1,1,Cálculo I,5,0,5,32,130;;;;;;;;
742,1,1,Redacción de Informes y Expresión Oral,3,0,3,32,0;;;;;;;;
744,1,1,Inglés Conversacional,5,0,5,32,0;;;;;;;;
855,1,1,Dibujo asistido por Computadores,2,2,3,32,0;;;;;;;;
8718,1,2,Tópicos de Geografía e Hist. De Panamá,2,0,2,0,0;;;;;;;;
743,1,2,Herramientas de Programación Aplicada I,3,2,4,741,0;;;;;;;;
7988,1,2,Cálculo II,5,0,5,7987,0;;;;;;;;
8322,1,2,Cálculo III,4,0,4,7987,0;;;;;;;;
8361,1,2,Sistemas Colaborativos,3,1,3,0,0;;;;;;;;
608,1,2,Introducción a la Química,2,3,3,0,0;;;;;;;;
709,2,1,Ecuaciones Diferenciales Ordinarias,5,0,5,7988,0;;;;;;;;
8319,2,1,Física (Mecánica) I,4,2,5,7988,0;;;;;;;;
8362,2,1,Estructuras de Datos I,3,2,4,743,0;;;;;;;;
669,2,1,Estadísticas con apoyo Informático,2,2,3,0,0;;;;;;;;
745,2,1,Herramientas de Programación Aplicada II,3,2,4,743,0;;;;;;;;
746,2,1,Estructuras Discretas para la Computación,3,2,4,743,0;;;;;;;;
8394,2,2,Estructuras de Datos II,3,2,4,8362,0;;;;;;;;
8320,2,2,Física (Electricidad y Magnetismo) II,4,2,5,8319,0;;;;;;;;
7722,2,2,Métodos numéricos para Ingeniería,4,1,4,8322,0;;;;;;;;
8321,2,2,Matemáticas Superiores para Ingeniería,5,0,5,709,0;;;;;;;;
8472,2,2,Formación de Emprendedores,3,0,3,0,0;;;;;;;;
747,2,2,Formación y evaluación de Proyectos Informáticos,2,2,3,0,0;;;;;;;;
703,3,1,Metodología de Investigación en Ingeniería,2,2,3,669,0;;;;;;;;
748,3,1,Herramientas de Programación Aplicada III,2,2,3,745,0;;;;;;;;
8452,3,1,Inteligencia Artificial,3,2,4,8362,0;;;;;;;;
8582,3,1,Mecánica,4,0,4,8319,0;;;;;;;;
688,3,1,Interacción Humano Computador (HCI),2,2,3,0,0;;;;;;;;
856,3,1,Base de Datos I,3,2,4,8394,0;;;;;;;;
749,3,2,Electrónica Básica,2,2,3,8320,0;;;;;;;;
687,3,2,Organización y Arquitectura de Computadora,3,2,4,8353,0;;;;;;;;
8581,3,2,Ingeniería de Software I,4,1,4,0,0;;;;;;;;
750,3,2,Herramientas Aplicadas a la Inteligencia Artificial,2,2,3,8452,0;;;;;;;;
751,3,2,Herramientas de Computación Gráfica,2,2,3,0,0;;;;;;;;
857,3,2,Base de Datos II,2,2,3,856,0;;;;;;;;
8455,4,1,Sistemas Basados en el Conocimiento,3,2,4,750,0;;;;;;;;
8451,4,1,Ingeniería de Sistemas Dinámicos,4,1,4,7988,0;;;;;;;;
753,4,1,Ingeniería de Software II,2,2,3,8581,0;;;;;;;;
689,4,1,Sistemas Operativos,3,2,4,0,0;;;;;;;;
754,4,1,Animación Digital y Videojuegos,2,2,3,751,0;;;;;;;;
755,4,1,Circuitos Lógicos,2,2,3,749,0;;;;;;;;
756,4,2,Tópicos Especiales I,2,2,3,1,0;;;;;;;;
8462,4,2,Lenguajes Formales, autómatas y compilatorios,3,2,4,8394,0;;;;;;;;
757,4,2,Herramientas de Programación Aplicadas IV,3,2,4,857,0;;;;;;;;
758,4,2,Ingeniería de Sistemas Robóticos,3,2,4,8452,0;;;;;;;;
759,4,2,Modelado y Simulación,3,2,4,669,8451;;;;;;;;
8467,4,2,Trabajo de Graduación I,2,3,3,1,0;;;;;;;;
8418,5,1,Gerencia de Recursos Humanos,3,0,3,0,0;;;;;;;;
760,5,1,Tópicos Especiales II,2,2,3,1,0;;;;;;;;
740,5,1,Política y Legislación Informática,3,0,3,0,0;;;;;;;;
8461,5,1,Ingeniería Ambiental,3,1,3,0,0;;;;;;;;
761,5,1,Redes Informáticas,3,2,4,0,0;;;;;;;;
8470,5,1,Seguridad en Tecnología de Computación,3,0,3,2,0;;;;;;;;
8473,5,1,Trabajo de Graduación II,2,3,3,0,0;;;;;;;;
